Data Source,World Development Indicators,,,,,,,,,,,,,,,,,,,,,,,,,,,,,,,,,,,,,,,,,,,,,,,,,,,,,,,,,,,,,,,,
,,,,,,,,,,,,,,,,,,,,,,,,,,,,,,,,,,,,,,,,,,,,,,,,,,,,,,,,,,,,,,,,,
Last Updated Date,2021-03-19,,,,,,,,,,,,,,,,,,,,,,,,,,,,,,,,,,,,,,,,,,,,,,,,,,,,,,,,,,,,,,,,
,,,,,,,,,,,,,,,,,,,,,,,,,,,,,,,,,,,,,,,,,,,,,,,,,,,,,,,,,,,,,,,,,
Country Name,Country Code,Indicator Name,Indicator Code,1960,1961,1962,1963,1964,1965,1966,1967,1968,1969,1970,1971,1972,1973,1974,1975,1976,1977,1978,1979,1980,1981,1982,1983,1984,1985,1986,1987,1988,1989,1990,1991,1992,1993,1994,1995,1996,1997,1998,1999,2000,2001,2002,2003,2004,2005,2006,2007,2008,2009,2010,2011,2012,2013,2014,2015,2016,2017,2018,2019,2020,
Angola,AGO,Renewable energy consumption (% of total final energy consumption),EG.FEC.RNEW.ZS,,,,,,,,,,,,,,,,,,,,,,,,,,,,,,,72.2552519216681,71.8886392044557,72.7232825172167,71.2770563190797,72.2202689083442,73.9458883392515,73.1396004507038,73.7344159506134,76.8197936265394,73.4107838285377,74.6181714427266,73.7578589617145,72.1251264392252,67.3061167192922,65.493064622132,70.9542023585248,65.022564178086,61.5997035024139,58.1079750373659,55.7489765055489,54.1938366242148,52.7156787625416,52.245736309469,50.6861160063949,50.7974606805424,49.5682103295777,,,,,,
Albania,ALB,Renewable energy consumption (% of total final energy consumption),EG.FEC.RNEW.ZS,,,,,,,,,,,,,,,,,,,,,,,,,,,,,,,25.5180876255371,32.9981742379589,46.8133288085849,51.152042295146,51.4595442246242,50.6097095765374,51.63636055808,55.953349416169,49.9833654433978,42.7183134087746,41.4454155743781,39.1256637546099,35.8962940284486,33.7527288306467,35.935868087458,36.8694891867287,31.7101954257698,32.1009372127814,35.9129061124767,37.2166378004051,37.1153297675702,35.9625316031337,40.048299596384,41.2889737241069,38.6895007576277,38.6152104692153,,,,,,
Argentina,ARG,Renewable energy consumption (% of total final energy consumption),EG.FEC.RNEW.ZS,,,,,,,,,,,,,,,,,,,,,,,,,,,,,,,8.92290746696394,8.7481843073882,9.47164961562942,10.1283424369342,10.7349093475441,11.2051846343744,10.1938555855904,10.9990733955932,11.343009140403,10.3061733856805,11.0779551321774,13.0403729383893,13.2879781249634,12.5181285653079,8.34804553441832,8.95760175539457,10.1878410784258,8.88764897855596,7.60968712045958,8.57406117511144,8.96144595214523,10.1168467244514,9.86670170197468,10.2103228997482,10.9019579336328,10.040077613914,,,,,,
Armenia,ARM,Renewable energy consumption (% of total final energy consumption),EG.FEC.RNEW.ZS,,,,,,,,,,,,,,,,,,,,,,,,,,,,,,,2.11894434058036,2.30943580318704,6.6776789414769,12.9368336783239,17.7636534122784,9.27435270712397,12.4733043728429,10.1201143904778,9.38056341350592,8.35879537917464,7.16426350401004,5.41911266070411,8.89936675468388,9.81161468294329,8.70790013353829,6.4911737973979,7.65283533358519,7.01726248020608,6.4051674924082,7.80055609506316,9.35981700562644,8.00961530742766,6.56571131176592,6.7712176363861,7.72473444046229,15.7920038357833,,,,,,
Australia,AUS,Renewable energy consumption (% of total final energy consumption),EG.FEC.RNEW.ZS,,,,,,,,,,,,,,,,,,,,,,,,,,,,,,,8.0095771593438,8.24547226023123,7.51647097195474,8.61699388238724,8.25994677877061,8.21780571247124,8.86597056035989,9.08024283629251,8.59507269440585,8.50727378721517,8.42334065854783,8.37028137206551,8.73872071261756,7.15106567010273,6.68042572078818,6.71197454696042,6.85326682346818,6.95158629028628,6.78956927368411,7.11282715112279,8.10902729265093,8.25618114983427,8.247109347095,9.08848190986827,9.27819845713441,9.18050295980786,,,,,,
Austria,AUT,Renewable energy consumption (% of total final energy consumption),EG.FEC.RNEW.ZS,,,,,,,,,,,,,,,,,,,,,,,,,,,,,,,25.135754145631,24.495798212077,26.1367915752356,26.3578077460666,25.6794546459802,25.6300879484846,24.0368773390085,24.8710509023689,24.4093544161425,26.4383107878083,26.3878560380378,25.4836790363306,24.6848696982507,22.5787940830621,23.2193672987658,24.1744174208452,26.254262515098,28.6009320732652,29.3561662009359,30.5143889874151,30.6592165744001,30.9885937243849,33.4265374778104,34.6806004056175,35.3942733418568,34.3949917477854,,,,,,
Azerbaijan,AZE,Renewable energy consumption (% of total final energy consumption),EG.FEC.RNEW.ZS,,,,,,,,,,,,,,,,,,,,,,,,,,,,,,,0.722062718119182,0.804646397784736,1.2172505570543,1.98306604791652,1.51596100419613,1.36684006503242,1.7389026644512,1.98984878549775,2.48438139978064,2.14393611406855,2.06564607499202,1.75252349067175,2.35189856073918,2.94478210619856,3.07078446344723,3.3651961564827,2.86158684991581,3.78869994993945,3.08630745943865,3.2691447294693,4.44973428535868,3.55633258575353,2.84552187217877,2.52609484041716,2.11681861563155,2.31075768577815,,,,,,
Belgium,BEL,Renewable energy consumption (% of total final energy consumption),EG.FEC.RNEW.ZS,,,,,,,,,,,,,,,,,,,,,,,,,,,,,,,1.26946149475781,1.21508173713429,1.19433320119901,0.956473287920865,0.939572923630559,1.26038953981826,1.18440709920024,1.14847831145982,1.29195646368097,1.40065083845512,1.44708348583888,1.58498778095901,1.68571034125753,1.89107981893382,2.02423788988695,2.46693552312784,2.82662388741233,3.32908124864994,3.91175029674187,4.83345935359174,5.83739147556669,6.63206514838302,7.75872906587017,8.12943452255499,9.07399509752252,9.20164053078148,,,,,,
Benin,BEN,Renewable energy consumption (% of total final energy consumption),EG.FEC.RNEW.ZS,,,,,,,,,,,,,,,,,,,,,,,,,,,,,,,93.7032408560468,94.964848328917,94.8518351322509,94.9888011654341,94.9750351913407,94.7719872182725,84.1459675681926,80.6264318540762,79.5684318860596,76.9054246965801,70.2889919783792,66.8537011707005,64.0377207211989,61.7301932135553,60.6905495723373,59.1908091672101,57.3029210015813,54.4860957112598,54.7576222431712,52.8278434772848,48.1172541013029,49.4518135956395,51.1460156133676,52.710999690266,52.5379882071749,50.8626179373594,,,,,,
Bangladesh,BGD,Renewable energy consumption (% of total final energy consumption),EG.FEC.RNEW.ZS,,,,,,,,,,,,,,,,,,,,,,,,,,,,,,,71.6649713034591,73.159667324204,71.6607037258685,70.5571230240722,68.9799071851049,63.8028091687192,62.1240765978699,59.9728561221059,60.2339712856559,60.5343957531165,59.0084842709052,55.7938421288347,54.3221119182556,52.6378623825057,52.1235936467388,50.7759641032431,48.9023976944159,47.4829161545534,45.5814154712449,43.6891169940556,41.0508417943633,39.4378552445795,38.6126786335771,38.7604812718781,37.6344834916176,34.7470690115416,,,,,,
Bulgaria,BGR,Renewable energy consumption (% of total final energy consumption),EG.FEC.RNEW.ZS,,,,,,,,,,,,,,,,,,,,,,,,,,,,,,,1.91684850938441,2.25055283163981,2.68107348096984,2.46783460392379,2.38094226869541,3.10670719617277,3.5463405513982,3.80966278746104,5.88973654891648,6.62750782850445,7.98317668307988,7.28452617386082,8.73331891489541,9.16404711442259,9.60141031179487,9.89133043963321,10.0037633096648,8.87048617289125,9.95069883739695,11.6601737928254,14.367527798517,13.2770293580204,15.751452162522,18.1570190693118,16.966624812368,17.6500779274042,,,,,,
Bosnia and Herzegovina,BIH,Renewable energy consumption (% of total final energy consumption),EG.FEC.RNEW.ZS,,,,,,,,,,,,,,,,,,,,,,,,,,,,,,,7.30009869458265,8.75951476059513,11.5737370349495,14.6094150330429,33.3861449406123,33.222966322614,32.8526731958455,27.598257427799,26.7391462224776,28.4310773248869,19.3530060217934,20.2741310786129,21.2146353874162,20.1405923566684,20.1001914715586,19.7354797044423,18.1246590669147,14.8406065477518,14.2780105314711,17.4348269862004,19.5688468879406,14.1582283938188,15.279166269758,19.4773965635019,41.7454627776529,40.7500602307998,,,,,,
Belarus,BLR,Renewable energy consumption (% of total final energy consumption),EG.FEC.RNEW.ZS,,,,,,,,,,,,,,,,,,,,,,,,,,,,,,,0.817357745109713,0.898691698426958,1.04787037839114,1.2511424670803,2.07032348927791,2.52781588802276,3.1013098744797,3.3933728745475,3.64044443856747,3.97586400781194,4.98260515782548,5.52647283955245,5.7627291283016,5.59798862668648,5.65551731817407,6.15323994088835,6.48867852567754,6.62227569372791,6.48734726181925,6.77864120236616,7.01637018392482,7.37848342362358,7.24939399554935,7.00920866865618,6.63418060132312,6.7708695317313,,,,,,
Bolivia,BOL,Renewable energy consumption (% of total final energy consumption),EG.FEC.RNEW.ZS,,,,,,,,,,,,,,,,,,,,,,,,,,,,,,,37.3590015889956,38.2815419210682,37.0526500126474,37.235444816331,35.5194271735825,33.5360108277007,33.1372674813617,32.7611598603335,31.4021360672862,31.5448202635514,27.3905722364747,28.3146063483856,27.7358874714358,26.0848099858557,24.5079764859244,23.4790752839669,22.5540715650338,21.529595836372,20.5059826128824,19.9922207319011,20.0699703029615,19.2883981714109,17.9232292022776,18.6352611897866,16.8179624969643,17.5381818257023,,,,,,
Brazil,BRA,Renewable energy consumption (% of total final energy consumption),EG.FEC.RNEW.ZS,,,,,,,,,,,,,,,,,,,,,,,,,,,,,,,49.8646749269456,48.9381684945205,48.7011826727019,48.199088014585,48.3500085183815,46.1343566508084,44.5328823904229,43.7251083730704,43.8615767414815,44.0972758704006,42.7987739937361,41.4778788144924,43.0245620884508,45.3086613817766,45.3899609661063,46.3479405794744,46.9050600436371,47.4176251865182,47.2633074097046,49.1137230363207,47.0066615686336,45.4685505272025,43.6207952976118,42.4478425401058,41.8418787194096,43.7903891971588,,,,,,
Canada,CAN,Renewable energy consumption (% of total final energy consumption),EG.FEC.RNEW.ZS,,,,,,,,,,,,,,,,,,,,,,,,,,,,,,,22.0207536925352,22.1978405183297,21.9299846278403,21.803058880385,21.6926930236164,21.9235763153267,21.5792375247257,21.3111503833538,21.5240367061502,21.7050808564312,21.5104010616548,21.0086786853792,21.7698369544841,21.1830787334257,21.5813966421193,22.2485278490404,22.0887486127211,22.1261917404499,22.5253140418622,22.7012573605801,22.080989379394,21.9654186137916,22.6102584732396,22.3796797547872,22.024651539556,22.0253592107108,,,,,,
Switzerland,CHE,Renewable energy consumption (% of total final energy consumption),EG.FEC.RNEW.ZS,,,,,,,,,,,,,,,,,,,,,,,,,,,,,,,17.1239100400375,17.4727504844574,17.2986254817236,18.3554219038458,18.6945738104868,18.0659496503748,17.1169787499686,17.8231174989889,17.5042511831886,18.80686907306,18.6301241415603,19.1961924650986,18.691860118014,18.5609073087373,18.6423144230497,19.3109091541427,18.6568106777046,19.930051686683,20.2420204736258,20.7538728903066,21.4603638355235,21.5570329141586,22.9585027869576,22.9925196662751,23.4181472290315,25.2919836825127,,,,,,
Chile,CHL,Renewable energy consumption (% of total final energy consumption),EG.FEC.RNEW.ZS,,,,,,,,,,,,,,,,,,,,,,,,,,,,,,,34.0268705730956,37.2727789318802,38.6176618665178,35.7703977729854,34.8176839197185,34.1675251282244,32.2306622953979,29.9535581039468,29.7452065833357,29.0542007097036,31.3615099880457,32.146033965615,33.0692742260041,31.6138715474398,31.4340922880606,32.2621658393698,32.9071433214207,30.4631065443073,30.8274609615896,31.5254578448702,27.0427409374808,28.7900875640179,30.3027342301006,30.1772384553337,26.7170993337307,24.8825542739544,,,,,,
China,CHN,Renewable energy consumption (% of total final energy consumption),EG.FEC.RNEW.ZS,,,,,,,,,,,,,,,,,,,,,,,,,,,,,,,34.083614045282,33.2584735412724,32.9312779040239,31.6777918019623,31.2494841669185,29.4721113943924,30.5371754582264,30.1834816771978,29.7399014806871,30.506048980242,29.7307148369434,28.4558153762583,27.0982015214674,23.9465795861498,20.2494792551361,18.2038186462091,17.0946100836398,15.3493711431443,14.6019965741267,13.9119622748916,12.8843103068778,11.6957969853632,11.9685670286267,11.8381669000852,12.2238230065824,12.4133525698911,,,,,,
Cote d'Ivoire,CIV,Renewable energy consumption (% of total final energy consumption),EG.FEC.RNEW.ZS,,,,,,,,,,,,,,,,,,,,,,,,,,,,,,,73.5823492352254,74.0156624648786,74.5587406517621,75.1267212429772,75.6065175045825,74.8826030239666,74.0417289026024,72.1351437379043,73.4473042431981,61.9308464416233,63.7159742478385,64.7261350912511,65.3207019181228,70.3196958361282,75.5189053304395,78.069713869148,74.9140409367803,76.445100086807,74.3172624664752,73.6729367157035,75.3701433681979,78.8957471490704,74.904556454873,72.5798529621154,72.2237845464658,64.5280256540323,,,,,,
Cameroon,CMR,Renewable energy consumption (% of total final energy consumption),EG.FEC.RNEW.ZS,,,,,,,,,,,,,,,,,,,,,,,,,,,,,,,81.5931350753616,83.1895540491278,84.4345120320773,83.9366435585062,83.6094178182129,84.4774033090506,84.937845664018,84.5769478211407,84.3765683847177,86.1299165456244,84.4826180250164,85.1956399245448,85.212308398444,85.2471929797989,85.4638640699605,86.2274527042475,85.4250299015103,80.7135636506803,80.7141090693985,79.093464793693,78.6042341724908,78.3692621317238,78.0478383205715,77.6145782700282,76.9753907919409,76.5384004118885,,,,,,
"Congo, Dem. Rep.",COD,Renewable energy consumption (% of total final energy consumption),EG.FEC.RNEW.ZS,,,,,,,,,,,,,,,,,,,,,,,,,,,,,,,92.0477316438248,95.1388122260288,95.8752339865859,96.1132731930249,96.6091301391605,96.8956752286621,96.9615832266967,97.0585587669155,96.8499716405578,96.9970255885959,97.9399599087099,98.3426020949792,98.2700354998077,97.9716730962929,97.8822823843852,97.4218591768902,97.3328645488413,97.1717234213954,96.9654414812915,97.0188910659838,96.8278215337739,96.2451753719682,95.5283686612768,94.0127482576199,92.8713110792669,95.8176997146271,,,,,,
"Congo, Rep.",COG,Renewable energy consumption (% of total final energy consumption),EG.FEC.RNEW.ZS,,,,,,,,,,,,,,,,,,,,,,,,,,,,,,,65.413786812666,64.5626788008392,67.6028690881333,68.4127489616019,76.4709422427427,69.7957817097326,75.4096686308797,80.1529571025699,79.734755215841,76.9547298096485,64.8533620931531,61.1751105552557,68.6292110861843,62.2114203952255,63.2414177806371,63.4945946662592,69.6928926197493,60.6778804809052,57.2189845806457,56.3877154740318,55.1497486433873,64.9471229415981,65.5114930357406,62.6874274592315,62.3963358002278,62.4021190190415,,,,,,
Colombia,COL,Renewable energy consumption (% of total final energy consumption),EG.FEC.RNEW.ZS,,,,,,,,,,,,,,,,,,,,,,,,,,,,,,,38.2511966912592,37.0012276854526,33.2275355891254,33.2047878727873,33.9722363571372,33.6999018210568,33.7753983146372,25.8003477214614,25.9386837606884,29.1354698846611,28.0256620758746,27.2295014318157,28.7866515166663,30.6858176894724,29.1646113257736,28.7256212583336,28.9802185597383,29.6609256053824,28.9592408549624,29.554610414189,27.9315350231324,26.7810366177938,26.6442913141333,24.4704895139289,24.4418090930349,23.5647575160943,,,,,,
Costa Rica,CRI,Renewable energy consumption (% of total final energy consumption),EG.FEC.RNEW.ZS,,,,,,,,,,,,,,,,,,,,,,,,,,,,,,,45.3807809003988,44.6894708365277,35.0278727137376,36.2591729778794,35.8015238825725,34.9735667623955,36.6542171344287,33.5639135254827,28.8905112182284,29.8904981839825,32.9478425050433,32.1090328243412,32.6526321246607,33.6598207455391,39.4966254293512,42.0605978082677,42.2648765916863,42.8433789950353,43.130205274035,42.2668095868799,42.3112526906227,40.5021237173534,38.6238545864882,38.0748418166082,37.8425411277646,38.7334138821774,,,,,,
Cuba,CUB,Renewable energy consumption (% of total final energy consumption),EG.FEC.RNEW.ZS,,,,,,,,,,,,,,,,,,,,,,,,,,,,,,,42.89020109637,47.1741751822851,51.3106363727389,46.8679249731595,45.7770315414011,41.2546263938294,41.4290716076269,36.8181185588287,34.8227469888194,33.7190833129486,34.4308204157781,34.0506465137635,34.8108293177605,33.5715912498179,33.7756840337191,26.3183639246799,21.9680513968128,18.593560340205,18.7318354713106,16.1242103591387,13.1576319538398,16.6802118422414,17.102350355742,16.8879652140855,18.7984428920254,19.2813206353885,,,,,,
Cyprus,CYP,Renewable energy consumption (% of total final energy consumption),EG.FEC.RNEW.ZS,,,,,,,,,,,,,,,,,,,,,,,,,,,,,,,0.495929367042497,0.365810347312205,0.347099189753887,0.33485987529705,0.723186986316388,3.3542984702649,3.35706908272827,3.29407078061674,3.26216821210761,3.2266425227618,3.09665682748594,3.0474749616713,3.17641534168142,3.25716409843294,3.30432805727182,3.36485097348482,3.51423832722468,4.35531132550118,5.493663996847,5.97851616722324,6.35322559915793,7.4157519845407,8.33890017172604,9.49593036077569,9.36329568365396,9.9420660163921,,,,,,
Czech Republic,CZE,Renewable energy consumption (% of total final energy consumption),EG.FEC.RNEW.ZS,,,,,,,,,,,,,,,,,,,,,,,,,,,,,,,3.57150702677699,3.97518244966785,5.9001182019501,5.81744151606808,5.90775667531981,5.30287772828777,5.24157422806943,5.64848453410906,5.96694071239026,6.47714948058027,5.94112966113152,6.28677991600949,7.27551219866013,6.72376720110743,7.1141149653771,7.51284734290178,7.85828772533033,8.29258027824795,8.95510134531697,10.2141620436068,10.9177199801872,12.1206034597646,12.7628160099154,13.9237189142382,14.8307420893096,14.8285619496241,,,,,,
Germany,DEU,Renewable energy consumption (% of total final energy consumption),EG.FEC.RNEW.ZS,,,,,,,,,,,,,,,,,,,,,,,,,,,,,,,2.09803377496266,1.98863280907619,2.06262189491575,2.11093108509833,2.26620206067894,2.31974899616167,2.25217383396493,2.82442182235482,3.04511890616193,3.26371214587689,3.70043759040219,3.89967279049467,4.41263678738536,5.05846742452957,5.82524443326874,6.76455100872253,7.75322465619858,9.40658790331653,8.59224825671174,9.63006156970857,10.2935196369107,11.3943559060623,12.0151357257952,12.0890787546162,13.3788782316752,14.2062526977772,,,,,,
Denmark,DNK,Renewable energy consumption (% of total final energy consumption),EG.FEC.RNEW.ZS,,,,,,,,,,,,,,,,,,,,,,,,,,,,,,,7.04155980088103,7.07089896619989,7.74744546702985,7.70149659175602,7.33039932748028,7.51217803184753,7.26118110006918,8.10272954731514,8.51784339219747,9.06635346755708,10.7372008187749,11.1235999633005,11.8658791497644,12.7203073762941,14.4490697722936,16.1263978314621,15.2671237358586,17.7009281704155,18.5492546879512,19.3427639308072,21.3548364626267,23.8989672739058,27.2819568791468,27.3428385982791,30.2716312824144,33.1702771730605,,,,,,
Dominican Republic,DOM,Renewable energy consumption (% of total final energy consumption),EG.FEC.RNEW.ZS,,,,,,,,,,,,,,,,,,,,,,,,,,,,,,,28.0115794110888,28.1632430756406,25.3568579236696,26.8480859983481,24.438973544178,22.336344797758,20.3109488079126,18.251133604809,19.7510920020737,19.5372902109007,18.42361063174,18.4777149353598,15.9148894305934,18.6739582740462,20.5418109180422,19.3347923841273,18.430707577307,18.2193059523308,17.9375602261054,17.550067626357,16.9754091658878,17.2429348859095,17.0454588513356,17.509364251986,18.0190203360356,16.480109206897,,,,,,
Algeria,DZA,Renewable energy consumption (% of total final energy consumption),EG.FEC.RNEW.ZS,,,,,,,,,,,,,,,,,,,,,,,,,,,,,,,0.177228302572834,0.323692176020233,0.289771220945935,0.476341507213619,0.403959587292277,0.422480314895262,0.389526170918537,0.472147668762875,0.54407094201214,0.51001768957487,0.427372239562088,0.427684983581889,0.514766169298285,0.469092389566764,0.441740736446853,0.584727486990107,0.40872736909712,0.411409249680193,0.298765661995095,0.311808048810447,0.258071761617743,0.177339472170288,0.188181413152951,0.140451784823769,0.0686404751413344,0.0589586840918149,,,,,,
Ecuador,ECU,Renewable energy consumption (% of total final energy consumption),EG.FEC.RNEW.ZS,,,,,,,,,,,,,,,,,,,,,,,,,,,,,,,24.1985491334263,24.1630989013858,20.8003587053017,21.618483283357,20.8531682066213,20.3541287176924,19.2914602584483,16.5427927492045,18.1907489665558,21.0557797500684,20.0330297926724,18.4328347524071,18.0582396162515,17.970484891416,15.9719719623758,12.1631154197742,12.9714915199809,12.8081341331183,15.0890011225862,13.2995050892621,12.1066394041354,13.3457155677197,13.1000979343789,12.6757331242219,12.2181395203009,13.8166859421647,,,,,,
"Egypt, Arab Rep.",EGY,Renewable energy consumption (% of total final energy consumption),EG.FEC.RNEW.ZS,,,,,,,,,,,,,,,,,,,,,,,,,,,,,,,8.50246617963276,9.05203473343903,8.71505834230031,8.83928269097144,9.82896842016561,9.00303478997945,8.67807588105338,8.34474039980954,8.24850218282009,8.55974210179817,8.10174849736039,7.70670477643565,7.25960026578211,7.38698869701703,7.54385832057893,6.49186711431559,6.23397949405479,6.09294918253289,5.96992785933611,5.76287861312245,5.7241019528271,5.58463890039262,5.55417121806337,5.7078980939596,5.86604491436771,5.70937726460422,,,,,,
Eritrea,ERI,Renewable energy consumption (% of total final energy consumption),EG.FEC.RNEW.ZS,,,,,,,,,,,,,,,,,,,,,,,,,,,,,,,,,89.8200749635989,83.5658344566424,80.0938803640994,77.8912684198844,76.3771461312122,77.6011671574695,75.0037673027872,76.1296599903633,76.7829441829366,74.8450741524032,74.827408113153,75.0437527080002,70.0994625780608,74.859836838545,78.5622443789669,80.023348578844,81.8984701349402,81.8060953276351,81.246598781123,80.7514484509309,80.2298979683057,80.2331439351355,79.9301496997009,79.767472303226,,,,,,
Spain,ESP,Renewable energy consumption (% of total final energy consumption),EG.FEC.RNEW.ZS,,,,,,,,,,,,,,,,,,,,,,,,,,,,,,,10.5444311831995,9.92129346773473,8.22090838342327,9.07981006627066,9.24137567908629,8.26456706820941,10.0619918052583,9.15429586161334,8.94141224858348,7.68165509154123,7.88433462529383,8.93344859904414,7.41510487096102,8.89992392860025,8.03208762592941,7.28981647261528,8.47220721044921,9.00538792948648,9.73720293479251,12.2179472922962,14.3957857926708,14.7459265297844,15.7709502104472,16.9499656957041,17.3517358032041,16.254097737239,,,,,,
Estonia,EST,Renewable energy consumption (% of total final energy consumption),EG.FEC.RNEW.ZS,,,,,,,,,,,,,,,,,,,,,,,,,,,,,,,3.35607862421139,3.52622282323504,5.90659168736065,6.70518547099375,9.28519611552712,12.3233857076765,19.5448295450023,19.7399019668,17.7464860861161,20.0693576980239,19.8371190229034,18.941265486778,19.4157820425116,19.8299964941448,19.9871455146011,18.8612379096015,17.1630792135775,18.5652519784108,20.1889954781843,24.088768704071,25.1298919417513,24.9835417865552,24.9085588565359,24.4752448868179,25.3260591405017,27.4768334658828,,,,,,
Ethiopia,ETH,Renewable energy consumption (% of total final energy consumption),EG.FEC.RNEW.ZS,,,,,,,,,,,,,,,,,,,,,,,,,,,,,,,96.6353867748331,96.7112891774686,97.7404145075057,97.1986582174039,96.8838858414533,96.6201395551153,96.3519781927263,96.2208563683377,96.1002414378477,96.189489692332,95.9532279069496,95.0785640825326,95.0167315932778,94.7458180145752,94.6585462435732,95.1265788682917,94.9423272648112,94.5741211429245,94.5160709654879,94.6048421519751,94.5173902874428,94.0129064114549,93.7502589776356,93.000856612925,92.0676518760102,92.163461141348,,,,,,
Finland,FIN,Renewable energy consumption (% of total final energy consumption),EG.FEC.RNEW.ZS,,,,,,,,,,,,,,,,,,,,,,,,,,,,,,,24.5084314763594,24.0270184115338,25.1233985953079,26.0035366744909,25.131940216431,27.2664099850931,26.8705515211363,28.8284455366953,30.4979692221115,30.2360817033354,31.6654965969553,29.2375172618639,29.5105590872679,28.3438029391625,31.088813951817,31.5133498327009,31.2432927831562,31.792948371511,34.7310270994262,32.5987315680398,33.5820641792945,35.2579798551138,38.8026670058552,38.4797058653809,41.2352406498046,43.2352625898503,,,,,,
France,FRA,Renewable energy consumption (% of total final energy consumption),EG.FEC.RNEW.ZS,,,,,,,,,,,,,,,,,,,,,,,,,,,,,,,10.4080191320525,11.0122219269501,11.2582017613576,10.8601325704973,10.9344888752186,10.701408694358,10.4949535665609,9.98545318666425,9.70928588525048,9.77901435150414,9.25600013717668,9.39522090942021,8.66875552749496,8.84755441914201,8.88771189269145,8.59691215698915,8.46011282921616,9.32132831522475,10.4732303588833,11.2220062136121,11.8458733047694,10.9136904355435,12.372958762063,13.4773744348411,13.3470246384899,13.4992623166677,,,,,,
Gabon,GAB,Renewable energy consumption (% of total final energy consumption),EG.FEC.RNEW.ZS,,,,,,,,,,,,,,,,,,,,,,,,,,,,,,,78.2806653694318,75.1504441730816,74.781722631516,73.8051225181891,72.8929967905104,71.9439200356796,71.4867374464641,69.9731961338889,69.6697357051779,71.3413384195708,72.7791082875816,72.4204618316101,79.8114340225778,83.6267997073094,85.77170892682,85.2401815193045,86.1520426003131,87.3452350415915,87.3766178082707,88.0957535791128,85.8833735373094,79.7685984325719,75.514306372015,82.2276146835431,81.3516096870383,82.0078436860573,,,,,,
United Kingdom,GBR,Renewable energy consumption (% of total final energy consumption),EG.FEC.RNEW.ZS,,,,,,,,,,,,,,,,,,,,,,,,,,,,,,,0.651133978423517,0.608264131136578,0.840737795568959,0.775204971316571,1.02142848392085,1.06022909884603,0.943586897127666,1.02847968902927,1.02970432391514,0.948917657048062,0.961901516319544,0.852867466028621,0.970071248009773,0.934980336780085,1.13725832965866,1.35227973814449,1.55391999101972,1.83965077165068,2.78279191396424,3.38303166308866,3.63891826187997,4.40111862136268,4.75125761850907,6.01578094932047,7.3952204555385,8.71168557437913,,,,,,
Georgia,GEO,Renewable energy consumption (% of total final energy consumption),EG.FEC.RNEW.ZS,,,,,,,,,,,,,,,,,,,,,,,,,,,,,,,12.7739975794557,14.1187507896665,18.5420516445584,26.0261877573909,22.7022876002158,46.3946509118918,42.7539557416839,44.3637960472902,47.5289840292679,49.6630874189372,47.2542795321254,53.1458218233118,56.7580011146701,55.3320074971947,54.5306539461629,41.4816119866884,37.2176488904349,36.2244480135213,36.3021637417539,36.7204061141406,39.1485729934275,31.5376606536178,28.6926232666341,34.9792335924453,31.8929763399434,28.662538805976,,,,,,
Ghana,GHA,Renewable energy consumption (% of total final energy consumption),EG.FEC.RNEW.ZS,,,,,,,,,,,,,,,,,,,,,,,,,,,,,,,80.6264219686598,82.928378877974,81.0012328856717,81.297291128455,80.5576355411703,79.7893467842234,78.8291972491654,78.3390447895526,73.5780714932637,72.7838884237677,71.6167558786761,69.3149097650637,65.6753270709087,64.4676419414485,62.3734397534842,61.4259076787459,58.558375825741,54.5282009817115,55.8624316475004,49.9081593962873,49.7787862567583,48.0110966639598,44.4836843800779,44.0429647124435,45.049492078705,41.4127943140724,,,,,,
Greece,GRC,Renewable energy consumption (% of total final energy consumption),EG.FEC.RNEW.ZS,,,,,,,,,,,,,,,,,,,,,,,,,,,,,,,7.80688229908911,8.31686135705182,7.8993828357978,7.99460952357599,8.03728296913318,8.31138976882518,8.20918204259172,7.8340382998263,7.38036809560521,7.83406022544686,7.52078500985735,6.81372963387087,7.01557753172132,7.28268528662916,7.53998133128696,7.72374229004466,8.21168013914292,7.91862893299639,8.10995865037923,8.92002878304834,11.0929826096158,11.0883158079466,13.8593777473623,16.2938175121062,16.0857927242722,17.170047546133,,,,,,
Guatemala,GTM,Renewable energy consumption (% of total final energy consumption),EG.FEC.RNEW.ZS,,,,,,,,,,,,,,,,,,,,,,,,,,,,,,,74.9653299152976,74.2551734797804,72.2855410082324,69.9234471228816,68.4904857164416,65.1427507710262,65.7253778641803,65.3040026904336,62.0396959127117,64.6055218216713,62.7429400098926,61.3947628899465,60.5350621956088,59.0106107013881,57.552930294944,57.3263459633273,57.9034442414544,57.0325613758127,60.7847790048445,58.3026825912569,66.5852359697893,66.4172263822328,66.2193653049695,64.9779649816952,59.9010023125906,63.6509917919234,,,,,,
Honduras,HND,Renewable energy consumption (% of total final energy consumption),EG.FEC.RNEW.ZS,,,,,,,,,,,,,,,,,,,,,,,,,,,,,,,70.1290822490711,70.2018848371653,67.749124062085,66.7250495330558,63.9468667212172,62.9696978904356,62.6305861490462,65.3814750625367,62.8730450288273,53.7641113868384,55.127606212696,50.5440051940482,49.5629145219865,48.4527386490725,48.1921421316023,49.8078090374868,51.5720371514778,50.1315248260908,51.1581490130766,52.5970071987054,53.1553646884745,51.9695375305732,48.7776856945139,49.7671672597913,54.0409417907054,51.5374135797421,,,,,,
Croatia,HRV,Renewable energy consumption (% of total final energy consumption),EG.FEC.RNEW.ZS,,,,,,,,,,,,,,,,,,,,,,,,,,,,,,,21.9231797129439,33.3545415119193,29.8110333589946,29.8999901522965,30.0983346611673,30.384527442502,34.1265044303859,29.211150683095,28.1143994570977,27.810841837998,26.7881802617319,26.9454983529558,24.6311824536051,24.8401386994077,26.585237807356,26.8368896995131,25.5172157785772,22.6721558894394,24.1559113463947,27.1782564634504,29.7750473065786,27.1862393886566,29.4219488727739,32.8375105987798,33.6481912689857,33.1274666358571,,,,,,
Haiti,HTI,Renewable energy consumption (% of total final energy consumption),EG.FEC.RNEW.ZS,,,,,,,,,,,,,,,,,,,,,,,,,,,,,,,81.1195732028181,81.6923536624042,83.4271204369374,84.6097133564329,95.0396007297693,81.3191493304216,82.1801636567568,80.5881968249296,79.3001963613948,77.0639228949622,76.0401445636326,73.8846809480161,74.7519760932392,74.9226516215479,71.2899312887697,76.8986822972916,77.0126314137537,75.5591015238674,75.7654691617008,76.8704099827917,79.0248432432757,79.0063697203897,83.1610980115464,82.3347581116171,78.3912383418507,76.0722132337506,,,,,,
Hungary,HUN,Renewable energy consumption (% of total final energy consumption),EG.FEC.RNEW.ZS,,,,,,,,,,,,,,,,,,,,,,,,,,,,,,,3.85666956107032,4.27666391039476,4.88610314575562,5.04623946091144,5.10691846710907,5.4175975751867,5.14334397296244,5.23053173000209,5.18874780556344,5.15847217091299,5.16611184783921,5.12112440510922,5.16603321797137,5.00912839391825,4.62867422214622,4.66476895110957,5.36412863587077,6.14033259500628,6.75518941278625,8.39915478882437,13.4560288300338,14.7429917419872,16.4652046189581,17.1963887090332,15.6745498209192,15.559362050795,,,,,,
Indonesia,IDN,Renewable energy consumption (% of total final energy consumption),EG.FEC.RNEW.ZS,,,,,,,,,,,,,,,,,,,,,,,,,,,,,,,58.5975311362571,57.8287417363079,56.820768942766,55.4330117013678,52.8137884773647,50.0981578077494,48.750379973486,47.0873749358569,48.2996168755658,45.0786776143905,45.5815009874561,44.308333334425,44.6358108600534,42.9778358846825,41.4241530253279,41.4456858117256,39.9370482113573,39.9693565383304,40.1587534765203,38.9704786215423,37.7534203392792,38.2254721452003,38.2336573420011,38.1064535938405,37.4542683456069,36.8793481032359,,,,,,
India,IND,Renewable energy consumption (% of total final energy consumption),EG.FEC.RNEW.ZS,,,,,,,,,,,,,,,,,,,,,,,,,,,,,,,58.652858348278,57.6047933357271,57.2305674845727,56.9833633428903,55.5571874605853,54.4841170038941,53.767409699754,52.4880731033173,52.7122557076625,51.7172937036599,51.5793476223734,51.7872192257844,50.5694426557262,50.8427990577573,49.7240246052468,48.5753087512264,47.4437217093748,45.8678035195348,43.6328830116274,40.7708275885812,39.4815087312075,38.9317402139462,38.3908901522843,37.8498411784972,36.651837856374,36.0212225652817,,,,,,
Ireland,IRL,Renewable energy consumption (% of total final energy consumption),EG.FEC.RNEW.ZS,,,,,,,,,,,,,,,,,,,,,,,,,,,,,,,2.27978134203649,2.22917590071014,2.15872842493715,2.10704833471694,2.17558461312299,1.92243647126362,1.93475144226076,1.90073890024882,2.27773144010268,2.05684799992262,2.03416723320132,1.9716080399365,2.24642484760563,2.01380386277694,2.31344859411373,2.88990640146838,3.20365263829232,3.55636727600881,4.1533712191485,5.24675647912276,5.27353814314154,6.70936460707383,6.61854861056846,7.40476688097015,8.52066979093462,9.08139901337063,,,,,,
"Iran, Islamic Rep.",IRN,Renewable energy consumption (% of total final energy consumption),EG.FEC.RNEW.ZS,,,,,,,,,,,,,,,,,,,,,,,,,,,,,,,1.23835958436715,1.22691740882349,1.44947071982901,1.52814706823082,1.08696505855375,1.01808729977768,1.03227215541096,0.898423541082687,0.841574849410266,0.585858646602411,0.438389901756078,0.517141086529927,0.66369099898987,0.829586856363129,0.737760939837713,1.400793048278,1.39823937263196,1.30153622381001,0.702090314958857,0.781922794295354,0.897453786451368,0.916869396257912,0.934277506348732,0.995531840779105,0.939119651442092,0.913005056748309,,,,,,
Iraq,IRQ,Renewable energy consumption (% of total final energy consumption),EG.FEC.RNEW.ZS,,,,,,,,,,,,,,,,,,,,,,,,,,,,,,,1.59632635721349,0.746342013031562,0.490534585428941,0.389340087452016,0.357378713939655,0.373227147039444,0.350157932459888,0.362383356738199,0.390140044105445,0.384234167966341,0.363571952470217,0.352055214088955,0.323986057917817,0.358040206033949,0.360068906004819,2.30332911722962,2.55400646821021,2.03261696823174,1.1851294366201,1.23763391680208,1.70963705456244,1.07433655809252,1.26387437960623,1.36878400878178,0.912104650364548,0.798830768676665,,,,,,
Iceland,ISL,Renewable energy consumption (% of total final energy consumption),EG.FEC.RNEW.ZS,,,,,,,,,,,,,,,,,,,,,,,,,,,,,,,54.6721549511554,54.7874237583985,54.6332613142616,54.6595421181759,54.1375531203699,55.6507167055427,52.2531955456447,54.8819563147358,57.2124456592265,59.8176763149088,60.6604770617323,62.1193634766596,61.8431962472443,61.8816048183465,61.8069885493144,62.4655995724526,64.0158457529678,66.7515975965699,73.4615703076425,74.1238775545343,75.4196918406966,76.4508536593322,77.3446814179132,76.2194959459808,76.3388709815554,77.029689205553,,,,,,
Israel,ISR,Renewable energy consumption (% of total final energy consumption),EG.FEC.RNEW.ZS,,,,,,,,,,,,,,,,,,,,,,,,,,,,,,,5.80024515812053,6.02540083931582,6.24488071353934,5.89105589727046,5.64907818198587,5.43627427030068,5.44661308180387,5.69790780290493,6.07462712345721,5.86872888096563,5.97064052127847,6.29768607506162,6.51773974931386,6.52065031504906,6.7138983229974,7.00040112505891,6.82470273018197,6.65040424102889,8.82217868937915,8.41705165142766,8.50335499959035,9.02175146735844,2.68630292528265,3.319186866125,3.68013234935496,3.70776691254672,,,,,,
Italy,ITA,Renewable energy consumption (% of total final energy consumption),EG.FEC.RNEW.ZS,,,,,,,,,,,,,,,,,,,,,,,,,,,,,,,3.78146348144952,4.66941317046864,4.83946324160706,4.77149529502877,5.2480221051995,4.46227833744118,4.74891389547652,4.83141976728715,4.75762543217441,5.02245978426758,5.11951479788946,5.38256684916779,5.59666992531442,6.24058670916462,5.93594854215673,6.70263907861876,7.51256404147516,8.73172974748555,10.8233492990728,12.5397527301242,12.7940929982975,11.9049402680297,14.3916489650323,16.3208850422585,17.0903588438944,16.5168505774397,,,,,,
Jamaica,JAM,Renewable energy consumption (% of total final energy consumption),EG.FEC.RNEW.ZS,,,,,,,,,,,,,,,,,,,,,,,,,,,,,,,7.63335505813092,7.69322352667762,8.6759130551398,10.5433152763617,9.25980060985113,10.7796064098073,10.124201466869,10.2933127076474,9.37186601449738,9.33129786184964,11.9021345930669,11.1510031578221,12.7332718772021,12.9968312385869,11.4782143743335,11.3228342240362,9.3091984724319,9.49779237261111,10.7636844787301,14.0409740586844,13.7199666602969,13.8847977524942,17.0390394183548,15.7599788440379,16.1167899050273,16.7719074601531,,,,,,
Jordan,JOR,Renewable energy consumption (% of total final energy consumption),EG.FEC.RNEW.ZS,,,,,,,,,,,,,,,,,,,,,,,,,,,,,,,2.76535806449837,2.8826818152682,2.53388256736458,2.52765442253323,2.33569238853413,2.22003842239553,2.19255859550592,2.13988101548592,2.20198840245121,2.17902858250643,2.08411335778864,2.11935896869224,2.08728383516419,1.97997849483666,1.82862591878611,1.68798387846937,2.28206925783855,2.32765156649147,2.74218406980882,2.78359418504868,2.97312559922771,3.02753075910644,2.9390587320004,3.15074989890137,3.13055186492564,3.22917004202291,,,,,,
Japan,JPN,Renewable energy consumption (% of total final energy consumption),EG.FEC.RNEW.ZS,,,,,,,,,,,,,,,,,,,,,,,,,,,,,,,4.55066402367469,4.73056921825984,4.19771490131849,4.43560671218463,3.56764577817821,3.91718852109581,3.8393584372338,4.07212749288482,4.04535605146046,3.82878657575963,3.91610801853032,3.73677736030424,3.69537437293977,4.07902501125446,4.0137574915504,3.65447331002498,4.02936380851185,3.7527317989319,3.983866936164,4.03561366246857,4.58552956180109,4.69360225893564,4.53308543403043,4.91215213004179,5.62502588654266,6.29735708059289,,,,,,
Kazakhstan,KAZ,Renewable energy consumption (% of total final energy consumption),EG.FEC.RNEW.ZS,,,,,,,,,,,,,,,,,,,,,,,,,,,,,,,1.40771720816198,1.28737668912731,1.17451770482915,1.34346343356078,1.83441259868457,1.57574604306889,1.63377869207555,1.67101528137917,1.53673131839788,1.78863498514024,2.50503749129384,2.41000018579003,2.77365794315367,2.28479664349161,1.88849088635866,2.09440136292563,2.12706134893162,1.83324566687625,1.15380284707327,1.30558986206246,1.38236338460658,1.38191953837658,1.32774975976258,1.16522530180671,1.30565511569328,1.55844291225827,,,,,,
Kenya,KEN,Renewable energy consumption (% of total final energy consumption),EG.FEC.RNEW.ZS,,,,,,,,,,,,,,,,,,,,,,,,,,,,,,,77.504004595281,78.826131515384,79.4437951556356,80.2064247071317,80.8303236885344,79.511986847964,78.7347009402243,79.5379691540537,79.677328457182,79.4586999689877,79.0353716102981,80.2360149933028,80.5435276807644,83.1829902780039,82.2736261362945,81.225744217898,79.7677845649073,80.2625784179131,80.4763500370062,78.1486686555068,76.2731232275273,77.0836394000251,78.4976195106547,77.1367463125937,75.5181685982944,72.662752510447,,,,,,
Kyrgyz Republic,KGZ,Renewable energy consumption (% of total final energy consumption),EG.FEC.RNEW.ZS,,,,,,,,,,,,,,,,,,,,,,,,,,,,,,,7.9276997426212,9.01727109463264,12.9959774287129,16.200287543964,26.5167639073218,34.9747800949726,29.4990005163644,28.7494578631921,25.0742534465009,34.5489882207009,35.1666155666244,36.0053307365685,28.3045387718441,30.5182389296571,27.7143547938152,28.0354649566776,27.7675928617925,24.4956189891568,22.0451697587567,24.7312668574298,25.5947877745323,25.9507396110241,22.4544752597519,24.581052728941,26.6083070344147,23.3068222046976,,,,,,
Cambodia,KHM,Renewable energy consumption (% of total final energy consumption),EG.FEC.RNEW.ZS,,,,,,,,,,,,,,,,,,,,,,,,,,,,,,,,,,,,82.5342521690724,82.7662882292416,82.196255995888,82.0002744640442,81.6748898201216,81.1360755329419,79.5879971818487,83.0197597320676,82.0680974003866,78.2070673425612,76.0703302002698,73.855803887005,69.3657250199752,67.9991860796488,71.3219369439439,68.5184675188782,68.1617454767198,68.2603726029706,68.9721559998162,68.0079101091459,64.9237759106607,,,,,,
"Korea, Rep.",KOR,Renewable energy consumption (% of total final energy consumption),EG.FEC.RNEW.ZS,,,,,,,,,,,,,,,,,,,,,,,,,,,,,,,1.63194686718062,0.955805367024804,0.752919687541883,0.725978660342439,0.441574756938943,0.443590287348248,0.608638119605653,0.676453174140543,0.948920714404801,0.78712686156931,0.700450813764183,0.692197634126287,0.696662625721157,0.845581664584428,0.770203659304137,0.872923379895184,0.948657762329389,1.02492174042688,1.06072926398317,1.20679603607017,1.31495350279791,1.34761205511562,1.61425751323342,1.92227365396064,2.83819150814731,2.70770280422964,,,,,,
Lebanon,LBN,Renewable energy consumption (% of total final energy consumption),EG.FEC.RNEW.ZS,,,,,,,,,,,,,,,,,,,,,,,,,,,,,,,11.3416809095177,8.52514747585105,8.0440737805936,5.46397790076365,5.36453638165645,4.52738036822598,5.0321605852645,4.70147579156338,5.54078811169389,4.26421257322712,4.90844434736821,4.41692140441583,5.7354720299875,7.45890442331368,6.51610491570608,6.91833394393301,7.49619306706454,8.56200476645249,5.66937145003801,4.27690691536524,5.20363204353897,5.17973464005984,4.94441813893494,5.71730690527317,3.23351914577464,3.64671967049883,,,,,,
Sri Lanka,LKA,Renewable energy consumption (% of total final energy consumption),EG.FEC.RNEW.ZS,,,,,,,,,,,,,,,,,,,,,,,,,,,,,,,78.0872449044957,77.9610049780188,75.2771321674864,74.1900580919271,70.5809340717077,69.9385547623011,64.4119610392682,65.9012756288697,64.1505113920443,63.2479744107851,64.1565655297965,62.9277423653456,62.0998858846838,61.3012141313301,61.6087018389092,60.0762308310929,62.1740040456646,60.1968625954205,61.570842026786,63.5091951847621,61.8422806565482,59.2494645336182,60.691292600475,59.8722533374464,57.5851811314478,52.8758920368984,,,,,,
Lithuania,LTU,Renewable energy consumption (% of total final energy consumption),EG.FEC.RNEW.ZS,,,,,,,,,,,,,,,,,,,,,,,,,,,,,,,3.0967785138163,2.88754950331016,4.60923818865137,8.89099335562529,9.82336724476734,10.3412667310781,11.473514207011,11.6195137056217,12.9265928786273,14.9732739093942,17.1855643869942,17.5894186276376,17.8896261630838,18.0656440779201,18.0668032781825,17.5096091951111,17.4624281846828,17.0621308375779,18.3338324622482,20.0864826899959,21.4576523593236,22.738272612436,23.9225824954477,26.3425134741084,27.7050524829416,28.9611792543763,,,,,,
Luxembourg,LUX,Renewable energy consumption (% of total final energy consumption),EG.FEC.RNEW.ZS,,,,,,,,,,,,,,,,,,,,,,,,,,,,,,,1.72183239792546,1.70014016482708,2.01205046410623,1.99192920082439,2.82083001489059,3.99091542099098,3.06537209669016,4.38633602298422,6.73001859305192,5.86317308991828,6.85402281551282,3.43302051229053,1.31285404694116,1.27184699397854,1.36200887466153,1.89107255726593,2.0922703686078,3.63501508063994,3.96635215639555,3.7371623657835,3.65968302593806,3.73329601518401,4.14785683220779,5.72319945121627,6.88323194465757,9.03131366096732,,,,,,
Latvia,LVA,Renewable energy consumption (% of total final energy consumption),EG.FEC.RNEW.ZS,,,,,,,,,,,,,,,,,,,,,,,,,,,,,,,17.5696905194457,18.6812183561287,21.5923200282608,25.3821176602644,28.3408349404455,32.4288068962795,32.025379599921,32.8914211234083,35.3488108747756,36.3311304479174,35.8203898144672,35.3472297989126,34.3825894940908,34.3376624768393,36.1124754730002,36.3005004373237,33.9989639035687,33.0753863668246,33.7049355819667,38.3941409605993,33.0640004053054,35.5339217998253,40.3656247937447,39.6030380302764,40.2360616036777,38.0980171666829,,,,,,
Morocco,MAR,Renewable energy consumption (% of total final energy consumption),EG.FEC.RNEW.ZS,,,,,,,,,,,,,,,,,,,,,,,,,,,,,,,19.4825557406764,19.5554268008393,18.1351401462347,17.6359089557305,17.0612773707432,17.164203292762,17.8495875753515,17.5216152989602,16.8774043608846,15.408130469289,15.2590097362083,15.1167267354137,14.9361245101105,15.7033327501136,23.5054179051262,20.6575901497637,18.6491638301564,16.9693647879473,15.1190202285318,14.7565449149461,14.4078588088893,12.351677551403,11.4049941680317,12.0502565093096,11.7185872824578,11.3174596346938,,,,,,
Moldova,MDA,Renewable energy consumption (% of total final energy consumption),EG.FEC.RNEW.ZS,,,,,,,,,,,,,,,,,,,,,,,,,,,,,,,1.14095793780758,1.61686594461848,2.17491125163472,2.39482857719037,2.57691860484548,2.84261829350711,3.66039416573097,3.8520726300006,4.07533434469118,4.87436842868399,5.72213871252037,5.5970627435527,5.82772809511817,5.92088199335581,4.85014415612711,4.31191214911668,4.98054300005699,4.46520058810206,4.93761489091685,4.86046112662844,8.44006198180788,9.8870709263633,10.469330356643,13.0788625781267,13.0473500202632,14.2736887091697,,,,,,
Mexico,MEX,Renewable energy consumption (% of total final energy consumption),EG.FEC.RNEW.ZS,,,,,,,,,,,,,,,,,,,,,,,,,,,,,,,14.4133016877432,13.1955118498823,13.4270915549992,13.3039693414023,11.8631029257549,13.2618332258809,13.0647238378458,12.6997773864092,12.2384533673184,12.748461320411,12.1673599409573,11.3438848753678,10.6827805508327,10.1690386164319,10.2132927480421,10.3057556226863,9.82410741213981,9.45657974068416,9.76961777722943,9.16840548130559,9.35997754330969,9.06647223491036,8.96482420763479,9.23136345664358,9.7584624231682,9.2152134550018,,,,,,
North Macedonia,MKD,Renewable energy consumption (% of total final energy consumption),EG.FEC.RNEW.ZS,,,,,,,,,,,,,,,,,,,,,,,,,,,,,,,2.41018821459786,4.42483482036363,16.0079926291681,14.8491630202243,16.5824567225691,17.8018178649134,14.2069396112735,15.9012100007383,15.0713781354666,17.6768123449928,19.3762701925002,15.1686705218117,14.6324102535004,17.2920840807911,18.2022095891303,18.9505853196814,19.6458669688065,15.6994485360326,15.5905506437441,18.4654640318307,22.3303036002751,18.6440353374068,18.2822965541185,21.1970874417553,21.204238579028,24.2181297260889,,,,,,
Myanmar,MMR,Renewable energy consumption (% of total final energy consumption),EG.FEC.RNEW.ZS,,,,,,,,,,,,,,,,,,,,,,,,,,,,,,,90.9073472098687,91.1186694346812,90.7863482264251,89.2473976085398,87.9665909706696,85.2203604069731,84.6098367980749,85.1624250169795,83.3544815586017,81.8797710727169,80.1636744416438,82.4741117361369,82.9986077947378,79.790745004384,80.26836220896,79.5508983617824,81.1165503705987,80.3154677468684,85.5665658832106,85.6295863237957,84.4045564890683,83.8603130515469,77.9095581668799,74.1051590235964,66.13285378605,61.5278116473242,,,,,,
Mozambique,MOZ,Renewable energy consumption (% of total final energy consumption),EG.FEC.RNEW.ZS,,,,,,,,,,,,,,,,,,,,,,,,,,,,,,,93.1035619166689,94.2990089695015,93.1186967472249,91.9649143346612,93.1936054534605,92.8447401563893,93.1250257573658,92.6444425666398,94.0055670074203,94.1665540561761,93.6075644295867,93.9515224326227,93.7287368021139,92.7518498008216,92.9158736642969,93.6152483261276,93.287714850153,92.1441726944983,92.4348575394548,91.6660528149684,91.3046042575161,90.4577194790164,90.8214700507327,90.3160710747055,88.8570478335913,86.4005089176123,,,,,,
Mauritius,MUS,Renewable energy consumption (% of total final energy consumption),EG.FEC.RNEW.ZS,,,,,,,,,,,,,,,,,,,,,,,,,,,,,,,47.0678274403789,43.3421647930351,43.1597537547993,38.7710934297789,35.4288668009694,38.8345145301275,35.5639263187439,36.4410649703155,33.5273526493632,21.0451973055852,20.421382538649,20.0759606691622,17.933269982053,18.8999899086564,19.0830744216457,17.7370460342678,16.4912128826453,15.7716446467062,12.8196559111827,12.8733784586771,13.6584289998917,12.1429181978792,11.6088655061675,11.4375754591077,10.6338613343618,11.5373619624728,,,,,,
Malaysia,MYS,Renewable energy consumption (% of total final energy consumption),EG.FEC.RNEW.ZS,,,,,,,,,,,,,,,,,,,,,,,,,,,,,,,11.980543608873,11.1534355235474,10.2662172738824,10.0258519116095,9.92592691217369,9.02961384827698,7.47308267129816,6.70558722177825,7.16784032044907,7.34271482331671,6.74350372428677,6.47848891097353,5.71659094008999,5.41355738129154,5.16903972109979,4.92452509799416,4.99439945222873,4.55770754655618,4.72913448564459,4.23012405000452,3.81904229491699,4.10776296381475,4.41031060617694,4.48629964495982,4.76977363667669,5.19444258901529,,,,,,
Nigeria,NGA,Renewable energy consumption (% of total final energy consumption),EG.FEC.RNEW.ZS,,,,,,,,,,,,,,,,,,,,,,,,,,,,,,,87.7759727621285,86.503569783166,84.5216666700267,86.3320741119646,88.6113724397754,88.0397372344843,87.1137218328503,85.5512891742555,87.0809431682783,87.1222524721799,86.1902650926322,84.5952490524194,84.5135574062972,82.9560216175529,83.9667010207249,84.0723081060934,86.1405099151178,87.3795748626871,86.3519940412603,88.8318507267791,86.7812380991764,86.1533654352088,86.4486281585456,86.7843099959024,87.2992478132959,86.6356215634187,,,,,,
Nicaragua,NIC,Renewable energy consumption (% of total final energy consumption),EG.FEC.RNEW.ZS,,,,,,,,,,,,,,,,,,,,,,,,,,,,,,,68.7659368292677,70.5230472285837,67.1172328960515,67.5614209298031,64.4944755092589,64.5360704314953,63.9430744005334,62.733748621288,60.4172399930931,59.3843732420398,58.3667985506452,56.5691067474775,56.5884592902303,54.116425423642,53.7840863038337,53.8953302518015,51.7749380940987,51.3647544835376,52.5606705693949,52.7961431524828,52.6411032150277,51.6787151629144,52.0787735051664,52.5552216183811,51.8392835728228,48.2049091920335,,,,,,
Netherlands,NLD,Renewable energy consumption (% of total final energy consumption),EG.FEC.RNEW.ZS,,,,,,,,,,,,,,,,,,,,,,,,,,,,,,,1.20161113572719,1.16957160080894,1.21375281688493,1.21213326291107,1.26459149047699,1.27706785072043,1.28731662013256,1.50753330104254,1.57051754693741,1.65409444972742,1.75196326220702,1.78258159066457,1.93369382695157,1.92441891218114,2.23947943192285,2.77163052273277,3.15183828132172,3.72163378096634,3.97398479546157,4.41013166760311,3.87316274177259,4.69671405687638,4.96229874253427,5.02497632448663,5.6596277365589,5.88946307882733,,,,,,
Norway,NOR,Renewable energy consumption (% of total final energy consumption),EG.FEC.RNEW.ZS,,,,,,,,,,,,,,,,,,,,,,,,,,,,,,,59.1737464148242,60.7848803364396,61.3789638607889,61.0973283838752,60.3989461857682,60.0471253321381,57.8505549684879,58.8388786890175,59.5169163446883,59.4149466039327,60.1881312107316,59.606409274822,59.4931128470761,56.2568689167696,56.8716065932782,58.591809531289,57.0596904305054,57.3900655250325,58.4937325340999,56.7709250908695,56.4245557827767,56.5293289729021,58.2758503900785,57.7259495348125,57.1964019487249,57.7720015985381,,,,,,
Nepal,NPL,Renewable energy consumption (% of total final energy consumption),EG.FEC.RNEW.ZS,,,,,,,,,,,,,,,,,,,,,,,,,,,,,,,95.1197145370049,94.1886478427166,94.1610503123683,93.545554307166,92.3802419840757,91.7324022955839,91.5154625769596,90.7086604586331,90.4911794633272,88.0524277862945,88.284545560238,87.7565053014631,89.9432965850833,89.4428771673892,90.2970104562488,89.5173769270111,91.2532617595403,91.312271010885,90.4689314769895,88.9270866564573,87.2924485879784,86.9455120348228,84.6973403374242,86.2530958872516,84.3747890594521,85.2639581903713,,,,,,
New Zealand,NZL,Renewable energy consumption (% of total final energy consumption),EG.FEC.RNEW.ZS,,,,,,,,,,,,,,,,,,,,,,,,,,,,,,,30.0305927684891,29.6789468552753,27.6085801437917,29.2485419513342,30.1977951454531,30.5845426784526,29.4485831057994,27.6501627019188,29.589602498754,28.6597654518474,28.9580898061842,26.8808819387287,28.7702144521293,28.1063160218395,30.5553531719846,29.2688581346208,29.3790481771317,29.12463080067,28.1595261371943,30.2250324316924,31.3226917275425,32.1281911024892,30.4748415391146,30.0058728286603,30.3226371357853,30.7891755544734,,,,,,
Pakistan,PAK,Renewable energy consumption (% of total final energy consumption),EG.FEC.RNEW.ZS,,,,,,,,,,,,,,,,,,,,,,,,,,,,,,,57.5005332440222,58.0912937448666,55.9822054817543,54.148189308757,54.1957599173604,53.1228760166441,52.1697429164645,51.9367244532855,51.6034780983814,50.2344767001961,50.9591494926998,51.3174543910777,51.089236391868,49.7101465157136,47.5096912009834,47.5155968611295,46.5130083834911,44.2760752436574,45.9939555096157,45.7723398066175,46.7220403019112,46.0709404815021,46.5232355882553,47.4609520103179,46.6045297407692,46.4763249199424,,,,,,
Panama,PAN,Renewable energy consumption (% of total final energy consumption),EG.FEC.RNEW.ZS,,,,,,,,,,,,,,,,,,,,,,,,,,,,,,,43.5894456450866,41.2584173228409,40.2169184127339,40.4067219229787,38.3126892927742,35.2838615977552,37.3484444644955,37.0398109626782,31.9669558063151,34.2160202038802,34.3978493433681,31.0878210578123,34.6990101624246,33.8410386947115,33.3790221929962,27.0415017913415,26.9417473324641,26.4890169735785,30.5458287113063,26.2232610144049,19.9374057230032,19.1403894628292,20.6195510223162,20.3133337909119,19.7707885923084,21.2341523445028,,,,,,
Peru,PER,Renewable energy consumption (% of total final energy consumption),EG.FEC.RNEW.ZS,,,,,,,,,,,,,,,,,,,,,,,,,,,,,,,39.4258282036508,39.913113738396,37.3077712492969,37.0792617049946,35.9349758154901,33.282985370877,31.7145352264847,31.7398884822982,32.6922895098684,30.6801285582867,32.1550548987154,34.8412906206058,34.1658514703152,34.8173472035779,32.6069789638017,32.731839800044,33.8794943076072,32.3720108416534,25.7171600310664,28.0608450889678,30.7972112804847,29.5472588339093,28.253294480277,25.983385316643,25.996864934782,25.5039055158479,,,,,,
Philippines,PHL,Renewable energy consumption (% of total final energy consumption),EG.FEC.RNEW.ZS,,,,,,,,,,,,,,,,,,,,,,,,,,,,,,,50.94656739513,51.9604082640925,48.7073905590112,45.8574643129508,44.4350856077087,38.9420017009317,36.8768663311926,33.7999112330775,33.430611758274,34.0688253471477,34.8450316237689,33.5347084456695,32.8271543130175,32.0498725926156,31.3131890225203,31.4295828385165,32.5966321965234,31.2034145009581,31.7270647842501,31.2239206956681,28.8118355854605,29.3987828333404,30.2246899489614,29.3071613541921,28.5821718521248,27.4515444500126,,,,,,
Poland,POL,Renewable energy consumption (% of total final energy consumption),EG.FEC.RNEW.ZS,,,,,,,,,,,,,,,,,,,,,,,,,,,,,,,2.5014848391889,2.06466857069044,2.30274868091028,6.13110222272913,6.19514078237621,6.33252876185735,5.86500109031183,5.98236950808594,6.53680579525848,6.41004229865283,6.92665318493555,7.29145939954414,7.4901072972533,7.29293678831795,7.31003100546117,7.21471645015734,7.18396505457932,7.27576452403753,8.01054019560925,8.84206269227445,9.48862385817713,10.4378791791655,10.9151432472711,11.4133798111271,11.5693155275748,11.9114882087605,,,,,,
"Korea, Dem. Peoples Rep.",PRK,Renewable energy consumption (% of total final energy consumption),EG.FEC.RNEW.ZS,,,,,,,,,,,,,,,,,,,,,,,,,,,,,,,7.18959206812245,7.53810253117211,7.73954334186971,7.99852668577418,8.98976932602098,9.59855846138256,10.2074700711513,9.64161988467041,9.88999657875063,9.38417941145848,8.71775004723711,8.62084422983424,9.02557721500112,9.26568752506162,9.37285777049802,9.22801835650404,8.95776484944966,10.9028299020611,10.1982575039536,12.3073498438865,13.4749488975869,18.081567355131,17.6917390291291,23.8072942574963,21.0331869949215,23.1232614917341,,,,,,
Portugal,PRT,Renewable energy consumption (% of total final energy consumption),EG.FEC.RNEW.ZS,,,,,,,,,,,,,,,,,,,,,,,,,,,,,,,26.94447492732,25.7875195346619,22.3998561474747,24.368949606518,24.9485106295687,23.7418038620689,25.352236098991,24.5453233183924,22.432241029801,19.0173803217888,20.1140249494064,20.827933123068,18.2798218685101,22.0924803887242,19.8693253776574,18.0728003933157,22.3317513696428,23.1481360680146,23.1891693537966,24.8945429909406,27.8279775694672,27.2191030249245,25.5174408920039,30.1720552112441,30.4570080786211,27.15729838594,,,,,,
Paraguay,PRY,Renewable energy consumption (% of total final energy consumption),EG.FEC.RNEW.ZS,,,,,,,,,,,,,,,,,,,,,,,,,,,,,,,78.5064526181554,79.1502770180236,75.728110208748,72.6123858021818,69.8786010924981,70.1717942056015,70.7590966628391,69.5208894538394,67.4398156824786,65.8758607424061,70.4117357356936,69.8404650150441,67.6803201193763,67.0473283724035,66.7332834935053,68.8240405804071,67.2637625716945,66.7873645381115,66.6321641300776,66.3928464169567,64.2493759983531,63.1114122330282,62.6774863404168,63.1027015405961,63.1169353100132,61.6769945886019,,,,,,
Romania,ROU,Renewable energy consumption (% of total final energy consumption),EG.FEC.RNEW.ZS,,,,,,,,,,,,,,,,,,,,,,,,,,,,,,,3.3557658834508,4.96956123368963,5.58372213146767,7.19984766928382,7.63753236411228,8.60268292175641,11.9238069874097,15.7456221535553,16.2751392184494,17.7339705211281,16.367186891756,13.3946052030522,14.4093088441652,15.6714117711499,17.2753212396401,18.5101699650485,17.4105082489028,18.1794263238613,20.3889961714965,22.1822696766077,24.0957070447707,21.1127362058663,21.5509591718079,23.0902321977293,24.3318800956785,23.6977940316245,,,,,,
Russian Federation,RUS,Renewable energy consumption (% of total final energy consumption),EG.FEC.RNEW.ZS,,,,,,,,,,,,,,,,,,,,,,,,,,,,,,,3.75193925800565,3.76696178427262,3.98054874944438,4.03809588570318,3.8668732862182,3.87068140916737,3.6945259500588,3.74598717663354,3.58503225106616,3.8208484349215,3.49718909814249,3.62160424806513,3.45928872336999,3.28009863840107,3.55439140737678,3.61502460537164,3.48389985326339,3.66924015170896,3.30773838077743,3.59962303289662,3.34274839695926,3.22779553551528,3.35404111566791,3.74450411353368,3.42242694642671,3.30422835092973,,,,,,
Sudan,SDN,Renewable energy consumption (% of total final energy consumption),EG.FEC.RNEW.ZS,,,,,,,,,,,,,,,,,,,,,,,,,,,,,,,73.2666351335301,76.1651475663466,77.3955866430771,85.6281607797104,79.487837787147,81.4714019803574,83.6105148418987,80.5402132687028,81.9011129388338,80.8476622694836,80.4221346125189,79.382389410389,76.7575707940549,76.9848873648604,75.3833292287758,72.4332043487198,69.3509775299237,65.7248306176259,63.6577357765745,63.2809844269672,61.4417497571917,63.9714608630893,59.8175531922709,61.3091549566752,62.436028468759,61.5967474758976,,,,,,
Senegal,SEN,Renewable energy consumption (% of total final energy consumption),EG.FEC.RNEW.ZS,,,,,,,,,,,,,,,,,,,,,,,,,,,,,,,55.5510111313875,55.2735459856467,53.6618832628227,55.0853366292708,54.7505208242093,53.1778586573874,52.4673729314296,50.672000836312,48.0235663932171,45.8454492538932,47.515245548353,45.8278848446643,44.4838943513731,44.7177001978836,40.7981221958656,41.22865403155,44.2047834073397,40.6306051524891,40.4667628042233,51.9585671406511,50.2604668379306,48.6553646989562,50.369745509563,43.5938292712968,43.3570635809297,42.7117516284132,,,,,,
Singapore,SGP,Renewable energy consumption (% of total final energy consumption),EG.FEC.RNEW.ZS,,,,,,,,,,,,,,,,,,,,,,,,,,,,,,,0.194833724264659,0.495509223644809,0.52847069042069,0.515729258378133,0.477110597051683,0.452737924140517,0.457871819092278,0.431425658794336,0.433014805376041,0.426520082561525,0.325118892748759,0.595906733635363,0.57690809201945,0.575479845843392,0.525078848760884,0.535101712017165,0.518118730176624,0.503977767540391,0.531735800256668,0.478419171576047,0.475165156888014,0.469261488323299,0.495199917807395,0.555974865833875,0.621625222931533,0.70863529719762,,,,,,
El Salvador,SLV,Renewable energy consumption (% of total final energy consumption),EG.FEC.RNEW.ZS,,,,,,,,,,,,,,,,,,,,,,,,,,,,,,,67.1370358121372,64.7259140520533,61.6887652505387,59.3420797358917,57.1983367700388,54.7469792439305,56.9374449300046,53.0623627625105,51.5865789810863,51.0075738711141,50.8640632558114,50.192570549845,50.742352130431,47.9791102684823,47.3896280909781,47.1916390681631,47.6504965999941,33.2658589822512,36.9330365438178,29.2966895986751,30.7661429096025,30.3093878741344,27.2556744052314,28.1612531035734,28.265443146539,24.400769994085,,,,,,
Serbia,SRB,Renewable energy consumption (% of total final energy consumption),EG.FEC.RNEW.ZS,,,,,,,,,,,,,,,,,,,,,,,,,,,,,,,15.4916526558252,18.2197925133763,19.3085306661003,20.8790524604461,22.0276168345748,24.9760842877009,19.4322843405248,16.2990531509645,16.7429228649284,23.6833590112166,23.5864771726928,21.1555008456901,19.0803358144195,16.2622989134754,14.8653716918367,16.3717474794769,15.6866835593465,14.2934065631556,15.5663395651875,20.8223570457481,20.5950876375869,17.5507574597227,19.6057338440094,20.2282689570639,23.4292907492289,21.1738852789742,,,,,,
Slovak Republic,SVK,Renewable energy consumption (% of total final energy consumption),EG.FEC.RNEW.ZS,,,,,,,,,,,,,,,,,,,,,,,,,,,,,,,2.22533593364972,2.08678406996911,2.31861271248188,4.10421535255107,4.71744245421623,4.20701048584553,3.90550462698082,3.85338386581007,3.6305891268809,3.79794546750553,3.72808858274496,6.00100095064196,5.48104882704932,5.34686805551431,6.24730156517817,6.30646548231091,6.56761632766667,8.23217672720624,7.62943025901257,9.9991415642967,10.2797356630759,10.3575669304655,10.4725845421321,10.6783822104781,12.2427515458209,13.4091682209694,,,,,,
Slovenia,SVN,Renewable energy consumption (% of total final energy consumption),EG.FEC.RNEW.ZS,,,,,,,,,,,,,,,,,,,,,,,,,,,,,,,12.3519505905187,13.130778170562,13.9008440270148,12.3567377774885,12.3360932493257,11.4948224778553,11.0941837619979,10.2327026065449,11.0884504569947,10.9503328020105,15.8647646209616,14.9918228178183,14.0960864715884,14.1837304266118,15.4105521202857,14.5662547123469,14.4143715723375,14.0899770794388,13.8524951998047,19.0283649811127,19.5047538484834,18.5864329328115,19.7046257549979,22.0056325886711,22.3004865571111,20.8773961432658,,,,,,
Sweden,SWE,Renewable energy consumption (% of total final energy consumption),EG.FEC.RNEW.ZS,,,,,,,,,,,,,,,,,,,,,,,,,,,,,,,34.0619919654159,32.458791527104,33.2321607753727,34.3851522613377,31.3544241199108,33.9141814843503,31.3560973387591,35.6206109976516,35.6579034240524,34.7922504929848,40.0082586688854,37.6615758371226,36.1487613324956,34.910426455174,35.8233124779583,39.9918953271391,41.1265877683782,42.9246551712398,44.8655881318183,47.0773641961662,45.9778059302002,46.4870296536003,49.9485495007274,48.8252222639117,49.69341469037,53.2477697984376,,,,,,
Syrian Arab Republic,SYR,Renewable energy consumption (% of total final energy consumption),EG.FEC.RNEW.ZS,,,,,,,,,,,,,,,,,,,,,,,,,,,,,,,2.36001739730949,2.10730727516493,2.23911317761395,2.23060341537259,2.05800756854578,1.80598957561419,1.66354982146806,1.69053402684391,1.60685266409116,1.75135700453601,2.00042573259296,2.07309851041265,1.61359170008829,1.91221495018422,2.60221527887073,2.11133160626113,1.82627597084827,1.56618652392688,1.2723188952157,0.93302319468194,1.41058497099232,1.90335550840765,2.51969571307407,2.85821560028008,2.35322956372371,0.52115517170161,,,,,,
Togo,TGO,Renewable energy consumption (% of total final energy consumption),EG.FEC.RNEW.ZS,,,,,,,,,,,,,,,,,,,,,,,,,,,,,,,78.7014170523745,82.087218266733,85.7909660859163,91.4985971035933,81.5521394202525,81.5209030274209,73.0945421126572,79.5610582044828,77.7486921114639,73.1171075949715,77.112078462034,82.0598102196351,78.6685196042557,74.793237774312,76.1420829580759,77.2243322108973,79.659536905099,79.9393557376466,76.521934003157,63.3977105859083,65.8254206325466,69.1568611838379,72.7374188531909,72.3995414041368,72.1615065976613,71.2646671412409,,,,,,
Thailand,THA,Renewable energy consumption (% of total final energy consumption),EG.FEC.RNEW.ZS,,,,,,,,,,,,,,,,,,,,,,,,,,,,,,,33.6391309206457,33.0156316666272,31.8237752212936,26.4259104453587,23.8678203855792,22.6994112967089,21.163470513652,21.2488426585645,21.6509736286753,21.3124423381258,21.9881377099018,20.0356045496194,20.0669279445308,20.344395594341,20.0246682208454,20.2523959369368,20.6869383400757,21.6112418884915,22.4910860365286,22.6573672231386,22.654877636674,22.7555240431084,23.2898203537994,22.9436074588218,24.0957260406663,22.8630701280756,,,,,,
Tajikistan,TJK,Renewable energy consumption (% of total final energy consumption),EG.FEC.RNEW.ZS,,,,,,,,,,,,,,,,,,,,,,,,,,,,,,,29.6377518944877,30.9993635064853,37.3786621885957,43.9566051787912,57.2601858246883,60.5824984917595,62.6671385291229,56.8242860810862,55.807591399472,59.7283908536007,62.4134110466871,64.0730266056429,64.1572445718098,64.6082485174808,61.4267488216951,63.7432274958956,61.5794150932578,53.8039970842594,54.6154552868936,60.5750784789636,61.8343248989419,59.9802775176018,55.079854831174,57.9210512957349,45.7563923571945,44.6592039196129,,,,,,
Trinidad and Tobago,TTO,Renewable energy consumption (% of total final energy consumption),EG.FEC.RNEW.ZS,,,,,,,,,,,,,,,,,,,,,,,,,,,,,,,1.1930237744161,1.30874232989879,1.28474543534345,1.3508532540921,1.26641938490855,1.18520970750999,1.00018572416944,0.939534800532621,0.903392053378153,0.864057059934404,0.759098479125078,0.682711082296641,0.635677592440345,0.600807138826108,0.625189962610916,0.530753107327216,0.619433147242041,0.365885963253604,0.363114191729309,0.400455155948103,0.33434964514866,0.359608806591007,0.324047642802149,0.309722805715422,0.280380127538186,0.284205763881456,,,,,,
Tunisia,TUN,Renewable energy consumption (% of total final energy consumption),EG.FEC.RNEW.ZS,,,,,,,,,,,,,,,,,,,,,,,,,,,,,,,14.4802391393195,14.7905388511586,14.1933507589117,13.8711899497468,14.2023798421311,14.3680332929207,14.3754765588241,14.4376236817073,14.4988560326477,14.4885949977998,14.2347808319166,14.2199978559053,14.5466867405835,14.126455125141,13.9206085020126,14.1772481751423,14.3201218325413,14.3219268302142,14.6092881228041,16.0699931660779,12.6878398397828,13.3276231857098,13.0844089314863,13.24921424997,12.9336297100125,12.5623503533853,,,,,,
Turkey,TUR,Renewable energy consumption (% of total final energy consumption),EG.FEC.RNEW.ZS,,,,,,,,,,,,,,,,,,,,,,,,,,,,,,,24.5107769566024,24.1841976443576,24.2205063657889,23.8253260480197,24.2430766548778,22.0984419532268,21.2430437355378,20.8412876346053,21.6342689465346,20.5554262486403,17.2666089675125,18.1117930476067,17.4591761982843,16.2799712159712,16.7723930177402,15.2981021072773,14.2454862538097,12.4845983837871,12.4154978671671,13.3283805737173,14.3264961064921,12.7806127796583,12.8316846317276,13.8475452599085,11.6078875438469,13.3742300375217,,,,,,
Tanzania,TZA,Renewable energy consumption (% of total final energy consumption),EG.FEC.RNEW.ZS,,,,,,,,,,,,,,,,,,,,,,,,,,,,,,,94.7849093146188,94.9705884263115,95.0255815789119,95.1474325468208,95.177635537685,93.3715035008818,92.222456492302,92.7478690083624,93.1776558055806,94.2663484369542,93.7244702767242,93.2250041036372,92.4807110109148,92.3804284217852,91.7274963249536,91.0099537590046,90.9042738630627,91.3567228106726,91.0485887473637,91.6407401770115,90.3162284953793,88.5137356314494,86.3544899735307,86.6248063592451,86.6736033198387,85.7130419384343,,,,,,
Ukraine,UKR,Renewable energy consumption (% of total final energy consumption),EG.FEC.RNEW.ZS,,,,,,,,,,,,,,,,,,,,,,,,,,,,,,,0.650122964829657,0.700765535658098,0.600592000563009,0.893722997148872,1.1050195126379,0.976939547570397,0.897911042568409,1.02503951819918,1.57750721396194,1.45112158426423,1.25458006597755,1.22806519553878,1.0349328847334,0.972022202785017,1.18975049795961,1.25123056168552,1.73451708138007,2.38695932655194,2.72486832493131,2.96328259128296,2.88271343442415,2.73851800040502,2.85763459113999,3.48873328398983,3.49974621772774,4.14431803937237,,,,,,
Uruguay,URY,Renewable energy consumption (% of total final energy consumption),EG.FEC.RNEW.ZS,,,,,,,,,,,,,,,,,,,,,,,,,,,,,,,44.8124773202968,43.7298181112529,43.3997121363098,42.7630862969772,42.2509804117736,41.0661835465106,37.567917917326,37.6764861371949,36.9013916362703,33.2984391534701,38.8027071332468,40.9510491754613,43.0394780131148,43.1122732606324,38.3179355726719,39.9087530407415,35.6563013734305,41.4626700906707,43.2751939289489,45.2937671017776,52.8186124978599,48.8424942288547,46.9248622014668,50.746273021398,55.3913387150355,58.0220411778528,,,,,,
United States,USA,Renewable energy consumption (% of total final energy consumption),EG.FEC.RNEW.ZS,,,,,,,,,,,,,,,,,,,,,,,,,,,,,,,4.17546218583434,4.50791959377071,4.76308310810846,4.28152840674077,4.08864139839829,4.72655433519206,4.76393045060593,4.51426029882715,4.5342968895809,5.70972659311957,5.42962368850183,4.67857120998539,4.84077918448262,5.32628227356981,5.47765651831783,5.84109087259038,6.39651397057971,6.30412819821935,6.84554083511255,7.35440475450257,7.5051720554451,8.16445164623265,8.48145040759456,8.71326157278159,8.75430895443964,8.71693586705814,,,,,,
Uzbekistan,UZB,Renewable energy consumption (% of total final energy consumption),EG.FEC.RNEW.ZS,,,,,,,,,,,,,,,,,,,,,,,,,,,,,,,1.32974459756982,1.21140272749243,1.38862289906919,1.59642564855964,1.56101287505898,1.45860235183901,1.64858304973528,1.44241141635979,1.20892182449543,1.17316031797226,1.22401641542508,1.21911072167447,1.18871449494006,1.5250515654049,1.85328542829956,1.86245555024839,1.9346472471909,1.35433437523276,2.32860262439156,2.21976540331242,2.64349718010288,2.24652065591403,2.38096542093821,2.87422806082603,2.89678351276622,2.97017869966095,,,,,,
"Venezuela, RB",VEN,Renewable energy consumption (% of total final energy consumption),EG.FEC.RNEW.ZS,,,,,,,,,,,,,,,,,,,,,,,,,,,,,,,11.9773301859186,13.1935555172641,14.1066935715719,13.1855229715692,13.7927331312163,13.1128086169932,12.8723005143562,13.8196929435819,13.6398131358322,14.5002543130941,14.6633762066271,13.3917996827577,12.8840531922225,12.9603002797037,13.7563770266546,13.5041265948712,15.4430707908193,16.5193563223796,13.4027396449746,13.6469986909766,11.4360146589206,13.5254922513314,12.2442010122179,14.4199739381536,12.3158343003505,12.8415785518796,,,,,,
Vietnam,VNM,Renewable energy consumption (% of total final energy consumption),EG.FEC.RNEW.ZS,,,,,,,,,,,,,,,,,,,,,,,,,,,,,,,76.081644655317,75.6374365847812,74.701971669987,70.8126901689297,67.9860079331324,65.1257836056628,62.8660092692519,60.7923736089576,59.4993441120752,59.5670031087825,57.9637007256619,56.3577493164759,52.4133293872139,51.023855566307,45.9895238157207,44.3569630609402,44.4611176353139,42.1021779420604,39.4589931009848,37.1668136829163,34.7958988239322,36.526959380424,38.1143660255291,37.3915507332977,37.0354726305609,34.9985698382085,,,,,,
South Africa,ZAF,Renewable energy consumption (% of total final energy consumption),EG.FEC.RNEW.ZS,,,,,,,,,,,,,,,,,,,,,,,,,,,,,,,16.6278217077773,17.4661188204403,18.3632170243738,18.585950063784,18.5628815589559,18.1130796760271,17.4377706017221,17.1071913418366,17.272490038871,18.2213200307393,18.5080804630776,19.1214417005142,18.3241040408302,17.5065631974473,16.7607974940869,16.2453416966089,16.3703967434757,15.8116290856396,15.9865897111294,15.5702925251554,17.0798023283017,16.9785947586075,16.6328854467481,16.0973939680517,16.5881622011429,17.1501412476598,,,,,,
Zambia,ZMB,Renewable energy consumption (% of total final energy consumption),EG.FEC.RNEW.ZS,,,,,,,,,,,,,,,,,,,,,,,,,,,,,,,82.9827342296715,82.2531576650771,82.7067767653079,85.1351070829181,86.856529441463,87.1113305644896,89.6408570391781,87.0073847963624,87.7555454741181,89.8353750195481,89.9907414363247,89.809403412906,89.6466008565857,89.3584743700971,89.5047286067627,89.0002561764551,89.8428837376804,92.9614092035784,92.1825794228102,92.0865599814941,92.1042974585819,90.899608136634,88.6323294441471,88.4762085670418,88.0340372906068,87.9854523585353,,,,,,
Zimbabwe,ZWE,Renewable energy consumption (% of total final energy consumption),EG.FEC.RNEW.ZS,,,,,,,,,,,,,,,,,,,,,,,,,,,,,,,63.9764094127404,63.7407814640982,64.3682917436937,64.4177523959703,68.5272061513798,67.0622639174238,66.7383275174499,67.3858196025087,67.8388025481349,64.4125355692959,69.2587771247714,71.530272890414,74.2946011928632,77.8267366832293,81.5815617509785,80.1503760459343,78.6476388901519,78.0801411111166,82.0319822300235,83.1537112681723,82.8795411998765,79.5742265683321,78.0197020630944,79.5610938290255,81.0492915007339,81.797808552401,,,,,,